,plant_id,plant_name,capacity,process_list,processing_rate,loc1,loc2
0,0,Watts-Wood,230,[],1,631,670
1,1,Marshall Inc,301,[],2,226,945
2,2,Brown Inc,348,[],6,553,389
3,3,"Fernandez, Boyd and Palmer",507,[],1,746,765
4,4,Johnson-Brock,662,[],9,710,637
5,5,"Mcdowell, Graves and Shaw",295,[],9,565,296
6,6,"Reed, Spence and Harris",889,[],9,13,448
7,7,"Diaz, Andersen and Cooper",451,[],3,132,631
8,8,"Benson, Anderson and Jackson",442,[],5,400,372
9,9,Hull Inc,600,[],10,32,53
10,10,Baker-Parker,446,[],6,248,545
11,11,Stout Inc,392,[],7,781,31
12,12,"Blankenship, Howell and Howell",313,[],6,18,868
13,13,Oliver-Mann,758,[],2,499,582
14,14,Nichols-Baker,864,[],1,693,469
15,15,King-Oneal,430,[],3,55,396
16,16,"Prince, Watts and Norton",528,[],2,881,594
17,17,Smith-Porter,260,[],8,7,727
18,18,Parker-Higgins,396,[],10,541,675
19,19,"Vance, Pierce and Parker",438,[],9,705,642
20,20,"Wilson, Mitchell and Ochoa",242,[],4,111,659
21,21,"Sanders, Miller and Manning",857,[],3,11,625
22,22,"Miranda, James and Thompson",889,[],2,371,177
23,23,Johnson and Sons,631,[],5,535,522
24,24,Mccann Inc,651,[],7,542,977
25,25,Arnold-Carlson,330,[],9,453,779
26,26,Lowery Ltd,961,[],10,768,236
27,27,Davis PLC,849,[],9,623,25
28,28,"Gallegos, Morrow and Zimmerman",656,[],10,679,449
29,29,Rogers Ltd,604,[],2,295,638
30,30,Lowe-Mcintyre,608,[],9,349,525
31,31,Logan PLC,267,[],7,362,7
32,32,Nelson-Mejia,321,[],8,709,155
33,33,Jackson-Knight,214,[],4,173,210
34,34,"Pena, Liu and Hayes",336,[],5,875,751
35,35,Guerra PLC,766,[],3,183,255
36,36,"Reed, Johnson and Mitchell",395,[],5,940,466
37,37,Trevino-Garcia,797,[],1,576,45
38,38,Duncan Ltd,463,[],1,67,173
39,39,Johnson-Moore,233,[],9,10,144
40,40,"Hendricks, Price and Lewis",397,[],7,951,993
41,41,Mooney-Taylor,216,[],8,679,59
42,42,"Marshall, English and Campbell",829,[],9,397,329
43,43,Dudley-Hudson,624,[],4,230,604
44,44,Baker-Robertson,260,[],9,55,535
45,45,Norman Ltd,395,[],8,814,189
46,46,"Hall, Woods and Sanchez",587,[],8,760,233
47,47,Rowe and Sons,203,[],9,336,213
48,48,Sutton-Berger,816,[],5,788,805
49,49,Miller PLC,953,[],7,992,143
50,50,Bridges-Hernandez,778,[],4,468,206
51,51,Crawford PLC,282,[],9,193,352
52,52,Flores-Harris,871,[],2,579,385
53,53,"Russell, Gonzalez and Brown",928,[],4,712,427
54,54,Davenport-Ward,743,[],5,574,505
55,55,Moss-Holt,200,[],2,401,561
56,56,Baird and Sons,902,[],4,766,303
57,57,Petersen-Zhang,811,[],1,524,652
58,58,"Sanders, Porter and Ingram",896,[],2,207,496
59,59,Daniels-Jackson,339,[],10,5,721
60,60,Olson-Paul,229,[],5,459,66
61,61,Becker Group,953,[],5,899,76
62,62,"Williams, Lynn and Fernandez",236,[],9,396,236
63,63,Clark Ltd,293,[],9,776,148
64,64,Kline LLC,724,[],7,500,710
65,65,"Young, Hill and Hancock",650,[],8,984,286
66,66,Luna-Harper,291,[],5,864,706
67,67,Pearson-Schmitt,703,[],1,26,103
68,68,Douglas-Franklin,982,[],4,571,656
69,69,Peterson Inc,222,[],1,555,181
70,70,Stone Group,778,[],2,718,444
71,71,Hall Ltd,464,[],8,939,897
72,72,Barber and Sons,528,[],8,762,7
73,73,Martinez Ltd,205,[],6,392,322
74,74,"Nelson, Henderson and Holland",233,[],9,918,729
75,75,Dixon-Freeman,476,[],2,888,163
76,76,Evans-Duke,294,[],7,137,491
77,77,Estrada-Garcia,926,[],4,339,534
78,78,"Miller, Clay and Griffin",663,[],8,182,670
79,79,"Perez, Hester and Jordan",248,[],1,918,669
80,80,"Smith, Lee and Powell",498,[],4,102,773
81,81,Morales Group,991,[],2,165,136
82,82,Roberts-Fletcher,478,[],1,174,629
83,83,Moore LLC,628,[],8,645,20
84,84,"Sharp, Williams and Brock",230,[],4,4,399
85,85,"Fisher, Warren and Moore",944,[],10,153,531
86,86,"Mann, Rose and Vaughn",570,[],9,757,145
87,87,Molina Ltd,660,[],9,410,204
88,88,"Roberts, Willis and Cole",654,[],9,92,861
89,89,"Kelley, Wells and Roberts",425,[],5,996,351
90,90,"Wade, Walton and Taylor",628,[],6,217,281
91,91,Lewis Inc,556,[],1,532,567
92,92,"Clark, Patel and Hill",224,[],6,66,763
93,93,Alvarado PLC,520,[],4,273,589
94,94,Lynch and Sons,891,[],3,466,344
95,95,Humphrey-Gould,295,[],9,734,486
96,96,Taylor PLC,862,[],10,779,997
97,97,Montgomery-Wright,980,[],5,575,476
98,98,Cortez-Smith,686,[],7,35,445
99,99,"Burns, Morales and Johnson",956,[],1,276,348
100,100,Woods Inc,742,[],10,607,632
101,101,Perez and Sons,206,[],1,506,734
102,102,Cruz PLC,328,[],2,207,635
103,103,Hopkins-Simon,885,[],6,908,433
104,104,"Perez, Dean and Johnson",822,[],2,38,734
105,105,"Gardner, Thomas and Trujillo",823,[],10,741,135
106,106,Guerrero and Sons,770,[],8,502,343
107,107,"Thompson, Wall and Navarro",218,[],10,114,822
108,108,Anderson Ltd,861,[],4,324,994
109,109,Hunter and Sons,890,[],5,703,506
110,110,"Young, Taylor and Jones",441,[],2,753,371
111,111,Fox Ltd,790,[],2,573,119
112,112,"Meyer, Maxwell and Alexander",868,[],2,363,865
113,113,Pierce-Jones,532,[],4,207,830
114,114,Solis-Spencer,277,[],3,641,464
115,115,Bates LLC,518,[],8,455,175
116,116,"Thornton, Patel and Sanchez",532,[],6,848,580
117,117,Gonzalez-Hall,201,[],3,19,410
118,118,Coffey Ltd,458,[],1,763,974
119,119,Gardner and Sons,898,[],3,406,795
120,120,Morgan Group,364,[],5,244,540
121,121,"Woodard, Doyle and Browning",517,[],2,114,128
122,122,Wilson Group,257,[],3,479,424
123,123,Banks-Jones,830,[],6,770,594
124,124,Jones Ltd,361,[],7,222,647
125,125,Mitchell LLC,747,[],10,196,523
126,126,Willis-Miller,727,[],8,810,919
127,127,Stevens Group,246,[],7,161,941
128,128,Watts PLC,287,[],1,477,41
129,129,Velasquez Inc,632,[],1,91,843
130,130,"Jensen, Chavez and Simmons",918,[],9,466,224
131,131,"Snyder, Brown and Rice",251,[],8,57,318
132,132,Robinson-Ingram,314,[],7,25,485
133,133,"Foster, Clark and Estes",867,[],4,90,225
134,134,Mckee-Esparza,720,[],5,235,110
135,135,"Abbott, Valdez and Jones",365,[],4,348,169
136,136,"Barton, Young and Campbell",504,[],5,131,59
137,137,Guerrero Ltd,845,[],3,392,149
138,138,Harris-Griffin,707,[],10,105,696
139,139,"Hancock, Knight and Garcia",856,[],7,923,307
140,140,"Orozco, Young and Boyer",668,[],4,368,342
141,141,"Collins, Thompson and Mitchell",877,[],10,902,535
142,142,"Anderson, Wheeler and Guerra",753,[],1,975,13
143,143,Carr-Suarez,790,[],7,42,623
144,144,"Taylor, Bradshaw and Brooks",299,[],7,699,221
145,145,"Mason, Bates and Blankenship",816,[],2,814,601
146,146,Edwards-Case,313,[],2,198,878
147,147,Thomas-Jones,260,[],1,600,296
148,148,Powell Group,503,[],9,891,197
149,149,Johnson-Johnson,654,[],5,857,435
150,150,Shaffer-Terry,211,[],1,312,207
151,151,Hudson-Le,862,[],10,904,726
152,152,"Adkins, Frye and Diaz",379,[],2,893,945
153,153,"Cowan, Campbell and Brown",290,[],7,27,946
154,154,Robinson LLC,462,[],4,975,487
155,155,"Nguyen, Noble and Anderson",817,[],1,402,227
156,156,Shelton-Allen,676,[],7,763,623
157,157,Hamilton-Cole,987,[],9,717,988
158,158,Garcia-Silva,263,[],1,835,482
159,159,May-Martinez,224,[],7,58,296
160,160,"Bass, Watts and Nichols",892,[],10,686,437
161,161,Hoffman-Cobb,852,[],5,333,974
162,162,Greene PLC,897,[],5,281,412
163,163,Jones Inc,244,[],2,670,747
164,164,Adams-Lynn,489,[],10,999,46
165,165,"Baker, Webb and Davis",852,[],1,257,377
166,166,Ruiz-Jones,233,[],9,16,926
167,167,Acevedo Ltd,880,[],2,646,599
168,168,Sawyer LLC,910,[],3,54,495
169,169,Roth-Walker,979,[],4,317,134
170,170,"Pace, Powell and Stone",541,[],5,309,846
171,171,"Kennedy, Moran and Glass",380,[],6,375,775
172,172,Logan Group,580,[],4,184,915
173,173,Garcia Ltd,837,[],8,546,177
174,174,Riley-Estes,566,[],4,663,489
175,175,"Davis, Murphy and Osborne",991,[],1,746,567
176,176,Butler PLC,645,[],5,632,764
177,177,Clark-Ford,798,[],6,592,553
178,178,"Villarreal, Wilson and Collins",322,[],9,268,829
179,179,Robinson-Caldwell,290,[],10,744,194
180,180,Flores LLC,603,[],1,983,191
181,181,"Bates, Nelson and Sanchez",972,[],10,338,639
182,182,Smith PLC,565,[],2,930,336
183,183,Ford-Gray,884,[],7,241,380
184,184,Beltran-Harris,950,[],5,770,451
185,185,Kaufman-Wright,519,[],4,575,617
186,186,George LLC,885,[],7,784,667
187,187,"Williams, Mathis and Castillo",489,[],1,199,515
188,188,Yates Inc,658,[],5,704,654
189,189,Byrd-Adams,601,[],10,829,160
190,190,Briggs LLC,330,[],1,115,678
191,191,"Cox, Serrano and Oliver",690,[],3,880,545
192,192,Farrell-Moss,857,[],7,397,40
193,193,Spears Ltd,231,[],6,235,627
194,194,Rodgers and Sons,363,[],8,967,242
195,195,Huang-Rivera,493,[],5,468,688
196,196,Jefferson Ltd,668,[],4,994,457
197,197,Ward PLC,387,[],10,962,431
198,198,Valdez and Sons,428,[],8,560,329
199,199,Williams-Collins,439,[],9,537,877
